PassengerId,Survived,Pclass,Sex,Age,SibSp,Parch,Ticket,Fare,Cabin,Embarked,Title,gp
1,0,3,male,22,1,0,A/,7.25,0,S,Mr,3.01547888584
2,1,1,female,38,1,0,PC,71.2833,C,C,Mrs,-4.54542236161
3,1,3,female,26,0,0,STON/O.,7.925,0,S,Miss,-1.01264970468
4,1,1,female,35,1,0,,53.1,C,S,Mrs,-4.57725354059
5,0,3,male,35,0,0,,8.05,0,S,Mr,2.48431597344
6,0,3,male,,0,0,,8.4583,0,Q,Mr,4.50605480311
7,0,1,male,54,0,0,,51.8625,E,S,Mr,2.52424527959
8,0,3,male,2,3,1,,21.075,0,S,Master,6.56898004517
9,1,3,female,27,0,2,,11.1333,0,S,Mrs,-2.88323769422
10,1,2,female,14,1,0,,30.0708,0,C,Mrs,-4.50523087457
11,1,3,female,4,1,1,PP,16.7,G,S,Miss,-3.52026889642
12,1,1,female,58,0,0,,26.55,C,S,Miss,-3.91739888911
13,0,3,male,20,0,0,A/.,8.05,0,S,Mr,1.47115092102
14,0,3,male,39,1,5,,31.275,0,S,Mr,9.52407966888
15,0,3,female,14,0,0,,7.8542,0,S,Miss,-0.251192655223
16,1,2,female,55,0,0,,16,0,S,Mrs,-1.86277085197
17,0,3,male,2,4,1,,29.125,0,Q,Master,8.5394429216
18,1,2,male,,0,0,,13,0,S,Mr,2.71533581083
19,0,3,female,31,1,0,,18,0,S,Mrs,1.76529308517
20,1,3,female,,0,0,,7.225,0,C,Mrs,-0.876922012606
21,0,2,male,35,0,0,,26,0,S,Mr,2.52857829245
22,1,2,male,34,0,0,,13,D,S,Mr,0.0156816937752
23,1,3,female,15,0,0,,8.0292,0,Q,Miss,-2.56112843086
24,1,1,male,28,0,0,,35.5,A,S,Mr,1.37358157172
25,0,3,female,8,3,1,,21.075,0,S,Miss,2.30233885834
26,1,3,female,38,1,5,,31.3875,0,S,Mrs,-1.00037066316
27,0,3,male,,0,0,,7.225,0,C,Mr,2.68486645332
28,0,1,male,19,3,2,,263,C,S,Mr,3.4634321062
29,1,3,female,,0,0,,7.8792,0,Q,Miss,-0.474436420754
30,0,3,male,,0,0,,7.8958,0,S,Mr,3.58576404563
31,0,1,male,40,0,0,PC,27.7208,0,C,Mr,2.34745967119
32,1,1,female,,1,0,PC,146.5208,B,C,Mrs,-2.88667702513
33,1,3,female,,0,0,,7.75,0,Q,Miss,-0.0933823948547
34,0,2,male,66,0,0,C.A.,10.5,0,S,Mr,1.6302554974
35,0,1,male,28,1,0,PC,82.1708,0,C,Mr,2.04136380767
36,0,1,male,42,1,0,,52,0,S,Mr,1.59581260575
37,1,3,male,,0,0,,7.2292,0,C,Mr,1.79792076346
38,0,3,male,21,0,0,A./.,8.05,0,S,Mr,3.60223935119
39,0,3,female,18,2,0,,18,0,S,Miss,2.81796411096
40,1,3,female,14,1,0,,11.2417,0,C,Miss,-2.31761723648
41,0,3,female,40,1,0,,9.475,0,S,Mrs,0.286912728028
42,0,2,female,27,1,0,,21,0,S,Mrs,-0.147712575166
43,0,3,male,,0,0,,7.8958,0,C,Mr,3.12094797461
44,1,2,female,3,1,2,SC/Paris,41.5792,0,C,Miss,-6.94242560621
45,1,3,female,19,0,0,,7.8792,0,Q,Miss,1.42251136596
46,0,3,male,,0,0,S.C./A..,8.05,0,S,Mr,3.07200296389
47,0,3,male,,1,0,,15.5,0,Q,Mr,2.58024714539
48,1,3,female,,0,0,,7.75,0,Q,Miss,-0.0933823948547
49,0,3,male,,2,0,,21.6792,0,C,Mr,2.52739026725
50,0,3,female,18,1,0,,17.8,0,S,Mrs,1.70615730887
51,0,3,male,7,4,1,,39.6875,0,S,Master,6.84019057052
52,0,3,male,21,0,0,A/.,7.8,0,S,Mr,3.37815544992
53,1,1,female,49,1,0,PC,76.7292,D,C,Mrs,-8.36400410421
54,1,2,female,29,1,0,,26,0,S,Mrs,-2.15295211411
55,0,1,male,65,0,1,,61.9792,B,C,Mr,-1.51273480712
56,1,1,male,,0,0,,35.5,C,S,Mr,-0.121859161049
57,1,2,female,21,0,0,C.A.,10.5,0,S,Miss,-3.14275272276
58,0,3,male,28.5,0,0,,7.2292,0,C,Mr,1.81446058015
59,1,2,female,5,1,2,C.A.,27.75,0,S,Miss,-5.87021485892
60,0,3,male,11,5,2,CA,46.9,0,S,Master,8.22536756856
61,0,3,male,22,0,0,,7.2292,0,C,Mr,-0.0371588718515
62,1,1,female,38,0,0,,80,B,,Miss,-4.64571471056
63,0,1,male,45,1,0,,83.475,C,S,Mr,2.08953544884
64,0,3,male,4,3,2,,27.9,0,S,Master,5.84672372255
65,0,1,male,,0,0,PC,27.7208,0,C,Mr,2.62530931847
66,1,3,male,,1,1,,15.2458,0,C,Master,-0.507262960523
67,1,2,female,29,0,0,C.A.,10.5,F,S,Mrs,-3.37864498446
68,0,3,male,19,0,0,S.P.,8.1583,0,S,Mr,1.80089775658
69,1,3,female,17,4,2,,7.925,0,S,Miss,-3.30290779052
70,0,3,male,26,2,0,,8.6625,0,S,Mr,5.7570554553
71,0,2,male,32,0,0,C.A.,10.5,0,S,Mr,0.739116332378
72,0,3,female,16,5,2,CA,46.9,0,S,Miss,3.6896324214
73,0,2,male,21,0,0,S.O.C.,73.5,0,S,Mr,3.95332317229
74,0,3,male,26,1,0,,14.4542,0,C,Mr,3.15183599122
75,1,3,male,32,0,0,,56.4958,0,S,Mr,-3.47530022555
76,0,3,male,25,0,0,,7.65,F,S,Mr,1.26064599208
77,0,3,male,,0,0,,7.8958,0,S,Mr,3.58576404563
78,0,3,male,,0,0,,8.05,0,S,Mr,3.07200296389
79,1,2,male,0.83,0,2,,29,0,S,Master,-7.18104509174
80,1,3,female,30,0,0,,12.475,0,S,Miss,0.491123025469
81,0,3,male,22,0,0,,9,0,S,Mr,5.28189474412
82,1,3,male,29,0,0,,9.5,0,S,Mr,1.45626507581
83,1,3,female,,0,0,,7.7875,0,Q,Miss,-1.4968370166
84,0,1,male,28,0,0,,47.1,0,S,Mr,2.74011558566
85,1,2,female,17,0,0,SO/C,10.5,0,S,Miss,-2.99673276654
86,1,3,female,33,3,0,,15.85,0,S,Mrs,-0.946596194242
87,0,3,male,16,1,3,W./C.,34.375,0,S,Mr,5.06003842456
88,0,3,male,,0,0,SOTON/OQ,8.05,0,S,Mr,3.07200296389
89,1,1,female,23,3,2,,263,C,S,Miss,-6.9445069016
90,0,3,male,24,0,0,,8.05,0,S,Mr,3.66852079695
91,0,3,male,29,0,0,,8.05,0,S,Mr,4.04943913705
92,0,3,male,20,0,0,,7.8542,0,S,Mr,2.38327075544
93,0,1,male,46,1,0,W.E.P.,61.175,E,S,Mr,3.59951184939
94,0,3,male,26,1,2,C.A.,20.575,0,S,Mr,1.85581799819
95,0,3,male,59,0,0,,7.25,0,S,Mr,3.87150209419
96,0,3,male,,0,0,,8.05,0,S,Mr,3.07200296389
97,0,1,male,71,0,0,PC,34.6542,A,C,Mr,6.14163809352
98,1,1,male,23,0,1,PC,63.3583,D,C,Mr,-1.10370549779
99,1,2,female,34,0,1,,23,0,S,Mrs,-4.94693020031
100,0,2,male,34,1,0,,26,0,S,Mr,2.48102204572
101,0,3,female,28,0,0,,7.8958,0,S,Miss,0.110258668737
102,0,3,male,,0,0,,7.8958,0,S,Mr,3.58576404563
103,0,1,male,21,0,1,,77.2875,D,S,Mr,1.72503647534
104,0,3,male,33,0,0,,8.6542,0,S,Mr,3.578360576
105,0,3,male,37,2,0,,7.925,0,S,Mr,2.15165831226
106,0,3,male,28,0,0,,7.8958,0,S,Mr,4.39778859367
107,1,3,female,21,0,0,,7.65,0,S,Miss,0.62332598416
108,1,3,male,,0,0,,7.775,0,S,Mr,3.15715986352
109,0,3,male,38,0,0,,7.8958,0,S,Mr,3.89102775614
110,1,3,female,,1,0,,24.15,0,Q,Miss,-1.9898476146
111,0,1,male,47,0,0,,52,C,S,Mr,0.977367598203
112,0,3,female,14.5,1,0,,14.4542,0,C,Miss,1.53889152125
113,0,3,male,22,0,0,,8.05,0,S,Mr,3.32195878975
114,0,3,female,20,1,0,,9.825,0,S,Miss,0.29814795452
115,0,3,female,17,0,0,,14.4583,0,C,Miss,0.541856513865
116,0,3,male,21,0,0,STON/O .,7.925,0,S,Mr,2.33036808094
117,0,3,male,70.5,0,0,,7.75,0,Q,Mr,2.71361287583
118,0,2,male,29,1,0,,21,0,S,Mr,5.01924703795
119,0,1,male,24,0,1,PC,247.5208,B,C,Mr,1.9157436314
120,0,3,female,2,4,2,,31.275,0,S,Miss,4.5548877988
121,0,2,male,21,2,0,S.O.C.,73.5,0,S,Mr,5.09066960647
122,0,3,male,,0,0,A.,8.05,0,S,Mr,3.07200296389
123,0,2,male,32.5,1,0,,30.0708,0,C,Mr,1.1419696867
124,1,2,female,32.5,0,0,,13,E,S,Miss,-1.85691863419
125,0,1,male,54,0,1,,77.2875,D,S,Mr,1.45540629287
126,1,3,male,12,1,0,,11.2417,0,C,Master,-0.831995133789
127,0,3,male,,0,0,,7.75,0,Q,Mr,2.83899092114
128,1,3,male,24,0,0,C,7.1417,0,S,Mr,4.18840247979
129,1,3,female,,1,1,,22.3583,F,C,Miss,-2.5931257843
130,0,3,male,45,0,0,,6.975,0,S,Mr,-0.788372048538
131,0,3,male,33,0,0,,7.8958,0,C,Mr,1.5008240306
132,0,3,male,20,0,0,SOTON/O.Q.,7.05,0,S,Mr,2.52425103495
133,0,3,female,47,1,0,A/.,14.5,0,S,Mrs,1.13993135276
134,1,2,female,29,1,0,,26,0,S,Mrs,-2.15295211411
135,0,2,male,25,0,0,C.A.,13,0,S,Mr,3.3994253841
136,0,2,male,23,0,0,SC/PARIS,15.0458,0,C,Mr,3.75302996164
137,1,1,female,19,0,2,,26.2833,D,S,Miss,-3.34053398143
138,0,1,male,37,1,0,,53.1,C,S,Mr,-0.68401125453
139,0,3,male,16,0,0,,9.2167,0,S,Mr,1.32728769192
140,0,1,male,24,0,0,PC,79.2,B,C,Mr,3.826573376
141,0,3,female,,0,2,,15.2458,0,C,Mrs,1.57254225266
142,1,3,female,22,0,0,,7.75,0,S,Miss,0.20830288426
143,1,3,female,24,1,0,STON/O.,15.85,0,S,Mrs,-1.54935400877
144,0,3,male,19,0,0,,6.75,0,Q,Mr,2.38320034226
145,0,2,male,18,0,0,,11.5,0,S,Mr,3.57261942413
146,0,2,male,19,1,1,C.A.,36.75,0,S,Mr,2.32507255811
147,1,3,male,27,0,0,,7.7958,0,S,Mr,0.31383210012
148,0,3,female,9,2,2,W./C.,34.375,0,S,Miss,2.09715709219
149,0,2,male,36.5,0,2,,26,F,S,Mr,1.62620672938
150,0,2,male,42,0,0,,13,0,S,Mr,2.59658037709
151,0,2,male,51,0,0,S.O.P.,12.525,0,S,Mr,1.48645243295
152,1,1,female,22,1,0,,66.6,C,S,Mrs,-4.31462090809
153,0,3,male,55.5,0,0,A..,8.05,0,S,Mr,3.23378524655
154,0,3,male,40.5,0,2,A/.,14.5,0,S,Mr,2.46547947494
155,0,3,male,,0,0,Fa,7.3125,0,S,Mr,2.69460881736
156,0,1,male,51,0,1,PC,61.3792,0,C,Mr,0.280205146117
157,1,3,female,16,0,0,,7.7333,0,Q,Miss,-0.53341163363
158,0,3,male,30,0,0,SOTON/OQ,8.05,0,S,Mr,5.52689250614
159,0,3,male,,0,0,,8.6625,0,S,Mr,3.56295095519
160,0,3,male,,8,2,CA.,69.55,0,S,Master,19.2214639846
161,0,3,male,44,0,1,,16.1,0,S,Mr,-0.804567387083
162,1,2,female,40,0,0,C.A.,15.75,0,S,Mrs,-5.75336524941
163,0,3,male,26,0,0,,7.775,0,S,Mr,2.19227374642
164,0,3,male,17,0,0,,8.6625,0,S,Mr,5.04582076992
165,0,3,male,1,4,1,,39.6875,0,S,Master,3.81352645311
166,1,3,male,9,0,2,,20.525,0,S,Master,-1.77753890598
167,1,1,female,,0,1,,55,E,S,Mrs,-4.79934292692
168,0,3,female,45,1,4,,27.9,0,S,Mrs,5.2419272503
169,0,1,male,,0,0,PC,25.925,0,S,Mr,1.67894062868
170,0,3,male,28,0,0,,56.4958,0,S,Mr,1.59233848709
171,0,1,male,61,0,0,,33.5,B,S,Mr,5.34079699151
172,0,3,male,4,4,1,,29.125,0,Q,Master,6.89952254653
173,1,3,female,1,1,1,,11.1333,0,S,Miss,-2.12999876379
174,0,3,male,21,0,0,STON/O .,7.925,0,S,Mr,2.33036808094
175,0,1,male,56,0,0,,30.6958,A,C,Mr,2.26263740062
176,0,3,male,18,1,1,,7.8542,0,S,Mr,4.26901396553
177,0,3,male,,3,1,,25.4667,0,S,Master,9.8181479594
178,0,1,female,50,0,0,PC,28.7125,C,C,Miss,-4.0207347318
179,0,2,male,30,0,0,,13,0,S,Mr,4.38976271692
180,0,3,male,36,0,0,LINE,0,0,S,Mr,3.38160937196
181,0,3,female,,8,2,CA.,69.55,0,S,Miss,17.2701339457
182,0,2,male,,0,0,SC/PARIS,15.05,0,C,Mr,3.43945402408
183,0,3,male,9,4,2,,31.3875,0,S,Master,2.7817503445
184,1,2,male,1,2,1,,39,F,S,Master,-6.30555402715
185,1,3,female,4,0,2,,22.025,0,S,Miss,-4.09809266713
186,0,1,male,,0,0,,50,A,S,Mr,0.289373276286
187,1,3,female,,1,0,,15.5,0,Q,Mrs,-0.73088579977
188,1,1,male,45,0,0,,26.55,0,S,Mr,1.07197107198
189,0,3,male,40,1,1,,15.5,0,Q,Mr,1.61881273113
190,0,3,male,36,0,0,,7.8958,0,S,Mr,4.41491380924
191,1,2,female,32,0,0,,13,0,S,Mrs,-1.82628789214
192,0,2,male,19,0,0,,13,0,S,Mr,3.75704779465
193,1,3,female,19,1,0,,7.8542,0,S,Miss,1.59792612821
194,1,2,male,3,1,1,,26,F,S,Master,-3.29627617701
195,1,1,female,44,0,0,PC,27.7208,B,C,Mrs,-7.77466053688
196,1,1,female,58,0,0,PC,146.5208,B,C,Miss,-3.23506903758
197,0,3,male,,0,0,,7.75,0,Q,Mr,2.83899092114
198,0,3,male,42,0,1,,8.4042,0,S,Mr,3.31639261933
199,1,3,female,,0,0,,7.75,0,Q,Miss,-0.0933823948547
200,0,2,female,24,0,0,,13,0,S,Miss,-1.27701077453
201,0,3,male,28,0,0,,9.5,0,S,Mr,2.36673572203
202,0,3,male,,8,2,CA.,69.55,0,S,Mr,19.2214639846
203,0,3,male,34,0,0,,6.4958,0,S,Mr,1.51676212811
204,0,3,male,45.5,0,0,,7.225,0,C,Mr,1.71509192175
205,1,3,male,18,0,0,A/,8.05,0,S,Mr,1.41129849272
206,0,3,female,2,0,1,,10.4625,G,S,Miss,1.44712636873
207,0,3,male,32,1,0,,15.85,0,S,Mr,1.26086922826
208,1,3,male,26,0,0,,18.7875,0,C,Mr,-0.125952471483
209,1,3,female,16,0,0,,7.75,0,Q,Miss,-0.303397648353
210,1,1,male,40,0,0,,31,A,C,Mr,-0.737292736124
211,0,3,male,24,0,0,SOTON/O.Q.,7.05,0,S,Mr,3.79362328631
212,1,2,female,35,0,0,F.C.C.,21,0,S,Miss,-0.933258466703
213,0,3,male,22,0,0,A/,7.25,0,S,Mr,2.47476316033
214,0,2,male,30,0,0,,13,0,S,Mr,4.38976271692
215,0,3,male,,1,0,,7.75,0,Q,Mr,2.21396844075
216,1,1,female,31,1,0,,113.275,D,C,Miss,-1.5768956364
217,1,3,female,27,0,0,STON/O.,7.925,0,S,Miss,-1.55847680883
218,0,2,male,42,1,0,,27,0,S,Mr,4.15356603288
219,1,1,female,32,0,0,,76.2917,D,C,Miss,-6.74976989615
220,0,2,male,30,0,0,W/C,10.5,0,S,Mr,0.893705435696
221,1,3,male,16,0,0,SOTON/OQ,8.05,0,S,Mr,1.4842949067
222,0,2,male,27,0,0,,13,0,S,Mr,2.44534213387
223,0,3,male,51,0,0,,8.05,0,S,Mr,1.66213609294
224,0,3,male,,0,0,,7.8958,0,S,Mr,3.58576404563
225,1,1,male,38,1,0,,90,C,S,Mr,0.840012260001
226,0,3,male,22,0,0,PP,9.35,0,S,Mr,3.61934842141
227,1,2,male,19,0,0,SW/PP,10.5,0,S,Mr,0.621900250409
228,0,3,male,20.5,0,0,A/,7.25,0,S,Mr,4.7007960694
229,0,2,male,18,0,0,,13,0,S,Mr,3.69995137597
230,0,3,female,,3,1,,25.4667,0,S,Miss,7.63462217129
231,1,1,female,35,1,0,,83.475,C,S,Mrs,-4.39274037211
232,0,3,male,29,0,0,,7.775,0,S,Mr,3.08885406966
233,0,2,male,59,0,0,,13.5,0,S,Mr,4.17691908862
234,1,3,female,5,4,2,,31.3875,0,S,Miss,-3.20541965954
235,0,2,male,24,0,0,C.A.,10.5,0,S,Mr,-0.715687280253
236,0,3,female,,0,0,W./C.,7.55,0,S,Miss,-0.750197769261
237,0,2,male,44,1,0,,26,0,S,Mr,4.16518433319
238,1,2,female,8,0,2,C.A.,26.25,0,S,Miss,-4.89675134797
239,0,2,male,19,0,0,,10.5,0,S,Mr,0.621900250409
240,0,2,male,33,0,0,SCO/W,12.275,0,S,Mr,3.60211155893
241,0,3,female,,1,0,,14.4542,0,C,Miss,0.811365388082
242,1,3,female,,1,0,,15.5,0,Q,Miss,-0.73088579977
243,0,2,male,29,0,0,W./C.,10.5,0,S,Mr,2.73351130982
244,0,3,male,22,0,0,STON/O .,7.125,0,S,Mr,3.54459462384
245,0,3,male,30,0,0,,7.225,0,C,Mr,2.75748855057
246,0,1,male,44,2,0,,90,C,Q,Mr,5.60373535636
247,0,3,female,25,0,0,,7.775,0,S,Miss,0.916383224183
248,1,2,female,24,0,2,,14.5,0,S,Mrs,-4.61204524222
249,1,1,male,37,1,1,,52.5542,D,S,Mr,-1.60045081008
250,0,2,male,54,1,0,,26,0,S,Mr,2.48795262647
251,0,3,male,,0,0,,7.25,0,S,Mr,3.42089078364
252,0,3,female,29,1,1,,10.4625,G,S,Mrs,3.57976222394
253,0,1,male,62,0,0,,26.55,C,S,Mr,2.95071702957
254,0,3,male,30,1,0,A/.,16.1,0,S,Mr,3.39850541439
255,0,3,female,41,0,2,,20.2125,0,S,Mrs,0.398610356992
256,1,3,female,29,0,2,,15.2458,0,C,Mrs,-0.36141652576
257,1,1,female,,0,0,PC,79.2,0,C,Mrs,-4.91346357942
258,1,1,female,30,0,0,,86.5,B,S,Miss,-6.26410800414
259,1,1,female,35,0,0,PC,512.3292,0,C,Miss,-467.231296031
260,1,2,female,50,0,1,,26,0,S,Mrs,-1.91018284544
261,0,3,male,,0,0,,7.75,0,Q,Mr,2.83899092114
262,1,3,male,3,4,2,,31.3875,0,S,Master,-1.77472244122
263,0,1,male,52,1,1,,79.65,E,S,Mr,-0.342373905738
264,0,1,male,40,0,0,,0,B,S,Mr,1.95876486223
265,0,3,female,,0,0,,7.75,0,Q,Miss,-0.0933823948547
266,0,2,male,36,0,0,C.A.,10.5,0,S,Mr,0.763073106127
267,0,3,male,16,4,1,,39.6875,0,S,Mr,4.66759410389
268,1,3,male,25,1,0,,7.775,0,S,Mr,2.59592124879
269,1,1,female,58,0,1,PC,153.4625,C,S,Mrs,-3.82878828214
270,1,1,female,35,0,0,PC,135.6333,C,S,Miss,-6.44940297907
271,0,1,male,,0,0,,31,0,S,Mr,-0.448957336439
272,1,3,male,25,0,0,LINE,0,0,S,Mr,0.119131906233
273,1,2,female,41,0,1,,19.5,0,S,Mrs,-5.99656843684
274,0,1,male,37,0,1,PC,29.7,C,C,Mr,1.35475531042
275,1,3,female,,0,0,,7.75,0,Q,Miss,-0.0933823948547
276,1,1,female,63,1,0,,77.9583,D,S,Miss,-2.68326319975
277,0,3,female,45,0,0,,7.75,0,S,Miss,1.36793195163
278,0,2,male,,0,0,,0,0,S,Mr,4.93001919653
279,0,3,male,7,4,1,,29.125,0,Q,Master,6.8811001487
280,1,3,female,35,1,1,C.A.,20.25,0,S,Mrs,-0.797418945975
281,0,3,male,65,0,0,,7.75,0,Q,Mr,3.69154272503
282,0,3,male,28,0,0,,7.8542,0,S,Mr,4.5755153295
283,0,3,male,16,0,0,,9.5,0,S,Mr,1.35895182312
284,1,3,male,19,0,0,A/.,8.05,0,S,Mr,1.53281510867
285,0,1,male,,0,0,,26,A,S,Mr,0.280329114516
286,0,3,male,33,0,0,,8.6625,0,C,Mr,4.08361486307
287,1,3,male,30,0,0,,9.5,0,S,Mr,2.42972583305
288,0,3,male,22,0,0,,7.8958,0,S,Mr,3.53051165679
289,1,2,male,42,0,0,,13,0,S,Mr,2.59658037709
290,1,3,female,22,0,0,,7.75,0,Q,Miss,-0.441228267578
291,1,1,female,26,0,0,,78.85,0,S,Miss,-3.00408642909
292,1,1,female,19,1,0,,91.0792,B,C,Mrs,-9.69280491758
293,0,2,male,36,0,0,SC/Paris,12.875,D,C,Mr,5.65058118163
294,0,3,female,24,0,0,,8.85,0,S,Miss,0.362976946785
295,0,3,male,24,0,0,,7.8958,0,S,Mr,3.69988500502
296,0,1,male,,0,0,PC,27.7208,0,C,Mr,2.62530931847
297,0,3,male,23.5,0,0,,7.2292,0,C,Mr,3.89256618551
298,0,1,female,2,1,2,,151.55,C,S,Miss,2.58489923691
299,1,1,male,,0,0,,30.5,C,S,Mr,-0.654928308398
300,1,1,female,50,0,1,PC,247.5208,B,C,Mrs,-6.07324665888
301,1,3,female,,0,0,,7.75,0,Q,Miss,-0.0933823948547
302,1,3,male,,2,0,,23.25,0,Q,Mr,-0.977209904764
303,0,3,male,19,0,0,LINE,0,0,S,Mr,6.35222625777
304,1,2,female,,0,0,,12.35,E,Q,Miss,-5.47371589222
305,0,3,male,,0,0,A/,8.05,0,S,Mr,3.07200296389
306,1,1,male,0.92,1,2,,151.55,C,S,Master,-2.27441800243
307,1,1,female,,0,0,,110.8833,0,C,Miss,-5.4689507937
308,1,1,female,17,1,0,PC,108.9,C,C,Mrs,-4.06292229474
309,0,2,male,30,1,0,P/PP,24,0,C,Mr,1.96600220349
310,1,1,female,30,0,0,PC,56.9292,E,C,Miss,-4.97569833564
311,1,1,female,24,0,0,,83.1583,C,C,Miss,-4.04182449034
312,1,1,female,18,2,2,PC,262.375,B,C,Miss,-10.7213720052
313,0,2,female,26,1,1,,26,0,S,Mrs,-0.622254388423
314,0,3,male,28,0,0,,7.8958,0,S,Mr,4.39778859367
315,0,2,male,43,1,1,F.C.C.,26.25,0,S,Mr,1.75163652372
316,1,3,female,26,0,0,,7.8542,0,S,Miss,0.591209597305
317,1,2,female,24,1,0,,26,0,S,Mrs,-2.48748517124
318,0,2,male,54,0,0,,14,0,S,Mr,4.80186969615
319,1,1,female,31,0,2,,164.8667,C,S,Miss,-7.54776317569
320,1,1,female,40,1,1,,134.5,E,C,Mrs,-6.82935771155
321,0,3,male,22,0,0,A/,7.25,0,S,Mr,2.47476316033
322,0,3,male,27,0,0,,7.8958,0,S,Mr,2.05751622014
323,1,2,female,30,0,0,,12.35,0,Q,Miss,-3.02327204435
324,1,2,female,22,1,1,,29,0,S,Mrs,-4.89045332546
325,0,3,male,,8,2,CA.,69.55,0,S,Mr,19.2214639846
326,1,1,female,36,0,0,PC,135.6333,C,C,Miss,-6.70847154053
327,0,3,male,61,0,0,,6.2375,0,S,Mr,2.41777544441
328,1,2,female,36,0,0,,13,D,S,Mrs,-4.28437614103
329,1,3,female,31,1,1,,20.525,0,S,Mrs,0.517666456962
330,1,1,female,16,0,1,,57.9792,B,C,Miss,-5.98020772946
331,1,3,female,,2,0,,23.25,0,Q,Miss,-3.40579523688
332,0,1,male,45.5,0,0,,28.5,C,S,Mr,1.56840160514
333,0,1,male,38,0,1,PC,153.4625,C,S,Mr,0.456334105162
334,0,3,male,16,2,0,,18,0,S,Mr,4.0944713676
335,1,1,female,,1,0,PC,133.65,0,S,Mrs,-5.36426528739
336,0,3,male,,0,0,,7.8958,0,S,Mr,3.58576404563
337,0,1,male,29,1,0,,66.6,C,S,Mr,2.67585555674
338,1,1,female,41,0,0,,134.5,E,C,Miss,-7.17101297457
339,1,3,male,45,0,0,,8.05,0,S,Mr,1.70769529872
340,0,1,male,45,0,0,,35.5,T,S,Mr,2.29641400924
341,1,2,male,2,1,1,,26,F,S,Master,-4.54877882778
342,1,1,female,24,3,2,,263,C,S,Miss,-6.26471547326
343,0,2,male,28,0,0,,13,0,S,Mr,3.74283170528
344,0,2,male,25,0,0,,13,0,S,Mr,3.3994253841
345,0,2,male,36,0,0,,13,0,S,Mr,3.69854713759
346,1,2,female,24,0,0,,13,F,S,Miss,-3.00701295369
347,1,2,female,40,0,0,,13,0,S,Miss,-1.51245904987
348,1,3,female,,1,0,,16.1,0,S,Mrs,-1.36046340404
349,1,3,male,3,1,1,C.A.,15.9,0,S,Master,-2.31933648846
350,0,3,male,42,0,0,,8.6625,0,S,Mr,4.535678422
351,0,3,male,23,0,0,,9.225,0,S,Mr,2.04057561899
352,0,1,male,,0,0,,35,C,S,Mr,0.00128019911514
353,0,3,male,15,1,1,,7.2292,0,C,Mr,0.415707468569
354,0,3,male,25,1,0,,17.8,0,S,Mr,2.48243742127
355,0,3,male,,0,0,,7.225,0,C,Mr,2.68486645332
356,0,3,male,28,0,0,,9.5,0,S,Mr,2.36673572203
357,1,1,female,22,0,1,,55,E,S,Miss,-7.02509674378
358,0,2,female,38,0,0,,13,0,S,Miss,-0.832593007068
359,1,3,female,,0,0,,7.8792,0,Q,Miss,-0.474436420754
360,1,3,female,,0,0,,7.8792,0,Q,Miss,-0.474436420754
361,0,3,male,40,1,4,,27.9,0,S,Mr,10.1065345103
362,0,2,male,29,1,0,SC/PARIS,27.7208,0,C,Mr,3.70605701678
363,0,3,female,45,0,1,,14.4542,0,C,Mrs,1.4788174215
364,0,3,male,35,0,0,SOTON/O.Q.,7.05,0,S,Mr,2.63938385654
365,0,3,male,,1,0,,15.5,0,Q,Mr,2.58024714539
366,0,3,male,30,0,0,C,7.25,0,S,Mr,5.54759855221
367,1,1,female,60,1,0,,75.25,D,C,Mrs,-3.15708520044
368,1,3,female,,0,0,,7.2292,0,C,Mrs,-1.48187462202
369,1,3,female,,0,0,,7.75,0,Q,Miss,-0.0933823948547
370,1,1,female,24,0,0,PC,69.3,B,C,Mrs,-4.78082474106
371,1,1,male,25,1,0,,55.4417,E,C,Mr,-1.53646405742
372,0,3,male,18,1,0,,6.4958,0,S,Mr,4.58261408062
373,0,3,male,19,0,0,,8.05,0,S,Mr,1.53281510867
374,0,1,male,22,0,0,PC,135.6333,0,C,Mr,0.867612056592
375,0,3,female,3,3,1,,21.075,0,S,Miss,2.19795738809
376,1,1,female,,1,0,PC,82.1708,0,C,Mrs,-4.77498829701
377,1,3,female,22,0,0,C,7.25,0,S,Miss,-1.47049815652
378,0,1,male,27,0,2,,211.5,C,C,Mr,0.778033574197
379,0,3,male,20,0,0,,4.0125,0,C,Mr,1.43805886135
380,0,3,male,19,0,0,,7.775,0,S,Mr,2.45394937563
381,1,1,female,42,0,0,PC,227.525,0,C,Miss,-6.44765994321
382,1,3,female,1,0,2,,15.7417,0,C,Miss,-2.6175609171
383,0,3,male,32,0,0,STON/O .,7.925,0,S,Mr,-0.212851659054
384,1,1,female,35,1,0,,52,0,S,Mrs,-3.97290722772
385,0,3,male,,0,0,,7.8958,0,S,Mr,3.58576404563
386,0,2,male,18,0,0,S.O.C.,73.5,0,S,Mr,3.16672998881
387,0,3,male,1,5,2,CA,46.9,0,S,Master,7.36644896634
388,1,2,female,36,0,0,,13,0,S,Miss,-2.09273962225
389,0,3,male,,0,0,,7.7292,0,Q,Mr,3.66427005178
390,1,2,female,17,0,0,SC,12,0,C,Miss,-2.21676255391
391,1,1,male,36,1,2,,120,B,S,Mr,-5.22324364732
392,1,3,male,21,0,0,,7.7958,0,S,Mr,1.77448701151
393,0,3,male,28,2,0,,7.925,0,S,Mr,2.8099930632
394,1,1,female,23,1,0,,113.275,D,C,Miss,-2.94457626974
395,1,3,female,24,0,2,PP,16.7,G,S,Mrs,-3.05589775221
396,0,3,male,22,0,0,,7.7958,0,S,Mr,1.21097339244
397,0,3,female,31,0,0,,7.8542,0,S,Miss,0.943230682324
398,0,2,male,46,0,0,,26,0,S,Mr,3.34352489791
399,0,2,male,23,0,0,,10.5,0,S,Mr,0.946326553957
400,1,2,female,28,0,0,,12.65,0,S,Mrs,-2.05913534669
401,1,3,male,39,0,0,STON/O .,7.925,0,S,Mr,0.253208169658
402,0,3,male,26,0,0,,8.05,0,S,Mr,1.99257816138
403,0,3,female,21,1,0,,9.825,0,S,Miss,1.53952876878
404,0,3,male,28,1,0,STON/O.,15.85,0,S,Mr,2.25073007732
405,0,3,female,20,0,0,,8.6625,0,S,Miss,2.01095056654
406,0,2,male,34,1,0,,21,0,S,Mr,3.59015222261
407,0,3,male,51,0,0,,7.75,0,S,Mr,2.27194346651
408,1,2,male,3,1,1,,18.75,0,S,Master,-2.54318570865
409,0,3,male,21,0,0,,7.775,0,S,Mr,3.37122804542
410,0,3,female,,3,1,,25.4667,0,S,Miss,7.63462217129
411,0,3,male,,0,0,,7.8958,0,S,Mr,3.58576404563
412,0,3,male,,0,0,,6.8583,0,Q,Mr,1.63913192902
413,1,1,female,33,1,0,,90,C,Q,Miss,-2.90152130708
414,0,2,male,,0,0,,0,0,S,Mr,4.93001919653
415,1,3,male,44,0,0,STON/O .,7.925,0,S,Mr,-0.653943682416
416,0,3,female,,0,0,,8.05,0,S,Mrs,0.0499232442595
417,1,2,female,34,1,1,,32.5,0,S,Mrs,-4.18721864833
418,1,2,female,18,0,2,,13,0,S,Miss,-3.35497417646
419,0,2,male,30,0,0,,13,0,S,Mr,4.38976271692
420,0,3,female,10,0,2,,24.15,0,S,Miss,1.22021763555
421,0,3,male,,0,0,,7.8958,0,C,Mr,3.12094797461
422,0,3,male,21,0,0,A/.,7.7333,0,Q,Mr,3.24353194351
423,0,3,male,29,0,0,,7.875,0,S,Mr,4.74621772275
424,0,3,female,28,1,1,,14.4,0,S,Mrs,1.38123203627
425,0,3,male,18,1,1,,20.2125,0,S,Mr,4.66292358673
426,0,3,male,,0,0,A/.,7.25,0,S,Mr,3.42089078364
427,1,2,female,28,1,0,,26,0,S,Mrs,-3.5805908192
428,1,2,female,19,0,0,,26,0,S,Miss,-3.20991528459
429,0,3,male,,0,0,,7.75,0,Q,Mr,2.83899092114
430,1,3,male,32,0,0,SOTON/O.Q.,8.05,E,S,Mr,-2.19394604296
431,1,1,male,28,0,0,,26.55,C,S,Mr,0.0408456193161
432,1,3,female,,1,0,,16.1,0,S,Mrs,-1.36046340404
433,1,2,female,42,1,0,SC/AH,26,0,S,Mrs,-0.902880909221
434,0,3,male,17,0,0,STON/O .,7.125,0,S,Mr,4.15908076515
435,0,1,male,50,1,0,,55.9,E,S,Mr,2.78189104332
436,1,1,female,14,1,2,,120,B,S,Miss,-8.4615624866
437,0,3,female,21,2,2,W./C.,34.375,0,S,Miss,4.32796481512
438,1,2,female,24,2,3,,18.75,0,S,Mrs,-3.101142282
439,0,1,male,64,1,4,,263,C,S,Mr,12.44351082
440,0,2,male,31,0,0,C.A.,10.5,0,S,Mr,0.418698705075
441,1,2,female,45,1,1,F.C.C.,26.25,0,S,Mrs,-2.45729581784
442,0,3,male,20,0,0,,9.5,0,S,Mr,2.60181727569
443,0,3,male,25,1,0,,7.775,0,S,Mr,2.59592124879
444,1,2,female,28,0,0,,13,0,S,Miss,-2.08291092859
445,1,3,male,,0,0,,8.1125,0,S,Mr,2.48072269463
446,1,1,male,4,0,2,,81.8583,A,S,Master,-5.80976933939
447,1,2,female,13,0,1,,19.5,0,S,Miss,-4.65228871853
448,1,1,male,34,0,0,,26.55,0,S,Mr,2.28442985551
449,1,3,female,5,2,1,,19.2583,0,C,Miss,-4.79892614972
450,1,1,male,52,0,0,,30.5,C,S,Mr,0.09793691216
451,0,2,male,36,1,2,C.A.,27.75,0,S,Mr,3.57317874454
452,0,3,male,,1,0,,19.9667,0,S,Mr,2.52801948809
453,0,1,male,30,0,0,,27.75,C,C,Mr,2.28909429353
454,1,1,male,49,1,0,,89.1042,C,C,Mr,-0.337872251556
455,0,3,male,,0,0,A/,8.05,0,S,Mr,3.07200296389
456,1,3,male,29,0,0,,7.8958,0,C,Mr,1.39257596216
457,0,1,male,65,0,0,,26.55,E,S,Mr,2.61495934456
458,1,1,female,,1,0,,51.8625,D,S,Mrs,-4.191410761
459,1,2,female,50,0,0,F.C.C.,10.5,0,S,Miss,-2.92484180218
460,0,3,male,,0,0,,7.75,0,Q,Mr,2.83899092114
461,1,1,male,48,0,0,,26.55,E,S,Mr,0.611649937877
462,0,3,male,34,0,0,,8.05,0,S,Mr,3.54340329151
463,0,1,male,47,0,0,,38.5,E,S,Mr,2.4987334746
464,0,2,male,48,0,0,,13,0,S,Mr,3.88766985696
465,0,3,male,,0,0,A/S,8.05,0,S,Mr,3.07200296389
466,0,3,male,38,0,0,SOTON/O.Q.,7.05,0,S,Mr,3.53387528053
467,0,2,male,,0,0,,0,0,S,Mr,4.93001919653
468,0,1,male,56,0,0,,26.55,0,S,Mr,1.87195404181
469,0,3,male,,0,0,,7.725,0,Q,Mr,2.45558136264
470,1,3,female,0.75,2,1,,19.2583,0,C,Miss,-6.06397759861
471,0,3,male,,0,0,,7.25,0,S,Mr,3.42089078364
472,0,3,male,38,0,0,,8.6625,0,S,Mr,3.76299540025
473,1,2,female,33,1,2,C.A.,27.75,0,S,Mrs,-3.8110887794
474,1,2,female,23,0,0,SC/AH Basle,13.7917,D,C,Mrs,-6.39593419955
475,0,3,female,22,0,0,,9.8375,0,S,Miss,0.345449293997
476,0,1,male,,0,0,,52,A,S,Mr,0.587062396995
477,0,2,male,34,1,0,,21,0,S,Mr,3.59015222261
478,0,3,male,29,1,0,,7.0458,0,S,Mr,4.16274057085
479,0,3,male,22,0,0,,7.5208,0,S,Mr,1.84486064435
480,1,3,female,2,0,1,,12.2875,0,S,Miss,-1.66832973822
481,0,3,male,9,5,2,CA,46.9,0,S,Master,6.36193516071
482,0,2,male,,0,0,,0,0,S,Mr,4.93001919653
483,0,3,male,50,0,0,A/,8.05,0,S,Mr,2.3418185723
484,1,3,female,63,0,0,,9.5875,0,S,Mrs,1.13577876028
485,1,1,male,25,1,0,,91.0792,B,C,Mr,-1.41047151049
486,0,3,female,,3,1,,25.4667,0,S,Miss,7.63462217129
487,1,1,female,35,1,0,,90,C,S,Mrs,-5.90783393317
488,0,1,male,58,0,0,,29.7,B,C,Mr,1.64802410448
489,0,3,male,30,0,0,A..,8.05,0,S,Mr,5.52689250614
490,1,3,male,9,1,1,C.A.,15.9,0,S,Master,-0.251482839109
491,0,3,male,,1,0,,19.9667,0,S,Mr,2.52801948809
492,0,3,male,21,0,0,SOTON/OQ,7.25,0,S,Mr,2.56485304732
493,0,1,male,55,0,0,,30.5,C,S,Mr,0.613495548855
494,0,1,male,71,0,0,PC,49.5042,0,C,Mr,1.05744755096
495,0,3,male,21,0,0,A/,8.05,0,S,Mr,3.60223935119
496,0,3,male,,0,0,,14.4583,0,C,Mr,4.42622344597
497,1,1,female,54,1,0,,78.2667,D,C,Miss,-5.31061376967
498,0,3,male,,0,0,C.A.,15.1,0,S,Mr,4.01614628682
499,0,1,female,25,1,2,,151.55,C,S,Mrs,2.96113134185
500,0,3,male,24,0,0,,7.7958,0,S,Mr,1.99036109906
501,0,3,male,17,0,0,,8.6625,0,S,Mr,5.04582076992
502,0,3,female,21,0,0,,7.75,0,Q,Miss,0.147794244275
503,0,3,female,,0,0,,7.6292,0,Q,Miss,0.247183653765
504,0,3,female,37,0,0,,9.5875,0,S,Miss,0.812659999798
505,1,1,female,16,0,0,,86.5,B,S,Miss,-4.79797823653
506,0,1,male,18,1,0,PC,108.9,C,C,Mr,3.22532291584
507,1,2,female,33,0,2,,26,0,S,Mrs,-1.59917257652
508,1,1,male,,0,0,,26.55,0,S,Mr,1.48390558375
509,0,3,male,28,0,0,C,22.525,0,S,Mr,3.16487323869
510,1,3,male,26,0,0,,56.4958,0,S,Mr,-1.99967173459
511,1,3,male,29,0,0,,7.75,0,Q,Mr,1.34228391909
512,0,3,male,,0,0,SOTON/OQ,8.05,0,S,Mr,3.07200296389
513,1,1,male,36,0,0,PC,26.2875,E,S,Mr,-0.0173247112979
514,1,1,female,54,1,0,PC,59.4,0,C,Mrs,-4.01914240873
515,0,3,male,24,0,0,,7.4958,0,S,Mr,3.00872119805
516,0,1,male,47,0,0,,34.0208,D,S,Mr,4.04538450472
517,1,2,female,34,0,0,C.A.,10.5,F,S,Mrs,-2.84036263449
518,0,3,male,,0,0,,24.15,0,Q,Mr,3.39964424879
519,1,2,female,36,1,0,,26,0,S,Mrs,-2.02527500592
520,0,3,male,32,0,0,,7.8958,0,S,Mr,2.57175705339
521,1,1,female,30,0,0,,93.5,B,S,Miss,-4.02461361434
522,0,3,male,22,0,0,,7.8958,0,S,Mr,3.53051165679
523,0,3,male,,0,0,,7.225,0,C,Mr,2.68486645332
524,1,1,female,44,0,1,,57.9792,B,C,Mrs,-5.41245729634
525,0,3,male,,0,0,,7.2292,0,C,Mr,1.79792076346
526,0,3,male,40.5,0,0,,7.75,0,Q,Mr,4.32043895527
527,1,2,female,50,0,0,W./C.,10.5,0,S,Miss,-2.92484180218
528,0,1,male,,0,0,PC,221.7792,C,S,Mr,4.37478616958
529,0,3,male,39,0,0,,7.925,0,S,Mr,0.253208169658
530,0,2,male,23,2,1,,11.5,0,S,Mr,3.51060296182
531,1,2,female,2,1,1,,26,0,S,Miss,-1.15411672763
532,0,3,male,,0,0,,7.2292,0,C,Mr,1.79792076346
533,0,3,male,17,1,1,,7.2292,0,C,Mr,2.80195049384
534,1,3,female,,0,2,,22.3583,0,C,Mrs,-0.983684853387
535,0,3,female,30,0,0,,8.6625,0,S,Miss,1.63788571623
536,1,2,female,7,0,2,F.C.C.,26.25,0,S,Miss,-2.26142048258
537,0,1,male,45,0,0,,26.55,B,S,Mr,3.91653854034
538,1,1,female,30,0,0,PC,106.425,0,C,Miss,-6.10379229286
539,0,3,male,,0,0,,14.5,0,S,Mr,4.99713223156
540,1,1,female,22,0,2,,49.5,B,C,Miss,-3.23532686676
541,1,1,female,36,0,2,WE/P,71,B,S,Miss,-4.55208370424
542,0,3,female,9,4,2,,31.275,0,S,Miss,1.95742590279
543,0,3,female,11,4,2,,31.275,0,S,Miss,3.61164153433
544,1,2,male,32,1,0,,26,0,S,Mr,1.41103313461
545,0,1,male,50,1,0,PC,106.425,C,C,Mr,5.20605241239
546,0,1,male,64,0,0,,26,0,S,Mr,1.75305412747
547,1,2,female,19,1,0,,26,0,S,Mrs,-1.21805519902
548,1,2,male,,0,0,SC/PARIS,13.8625,0,C,Mr,0.109929497302
549,0,3,male,33,1,1,,20.525,0,S,Mr,1.49928886815
550,1,2,male,8,1,1,C.A.,36.75,0,S,Master,1.44011984256
551,1,1,male,17,0,2,,110.8833,C,C,Mr,-3.04094145894
552,0,2,male,27,0,0,,26,0,S,Mr,1.83766542368
553,0,3,male,,0,0,,7.8292,0,Q,Mr,1.91254776314
554,1,3,male,22,0,0,,7.225,0,C,Mr,0.958867822607
555,1,3,female,22,0,0,,7.775,0,S,Miss,-0.422192201421
556,0,1,male,62,0,0,,26.55,0,S,Mr,2.23401542369
557,1,1,female,48,1,0,,39.6,A,C,Mrs,-3.49479227097
558,0,1,male,,0,0,PC,227.525,0,C,Mr,-0.0136173773332
559,1,1,female,39,1,1,,79.65,E,S,Mrs,-5.7595542805
560,1,3,female,36,1,0,,17.4,0,S,Mrs,-3.27446279292
561,0,3,male,,0,0,,7.75,0,Q,Mr,2.83899092114
562,0,3,male,40,0,0,,7.8958,0,S,Mr,3.23958121968
563,0,2,male,28,0,0,,13.5,0,S,Mr,2.45668223413
564,0,3,male,,0,0,SOTON/OQ,8.05,0,S,Mr,3.07200296389
565,0,3,female,,0,0,SOTON/O.Q.,8.05,0,S,Miss,0.0499232442595
566,0,3,male,24,2,0,A/,24.15,0,S,Mr,5.87031101317
567,0,3,male,19,0,0,,7.8958,0,S,Mr,3.83408533526
568,0,3,female,29,0,4,,21.075,0,S,Mrs,5.90238836517
569,0,3,male,,0,0,,7.2292,0,C,Mr,1.79792076346
570,1,3,male,32,0,0,,7.8542,0,S,Mr,2.3517654464
571,1,2,male,62,0,0,S.W./PP,10.5,0,S,Mr,0.905059150466
572,1,1,female,53,2,0,,51.4792,C,S,Mrs,-6.29743276585
573,1,1,male,36,0,0,PC,26.3875,E,S,Mr,0.109564289793
574,1,3,female,,0,0,,7.75,0,Q,Miss,-0.0933823948547
575,0,3,male,16,0,0,A/.,8.05,0,S,Mr,1.4842949067
576,0,3,male,19,0,0,,14.5,0,S,Mr,4.18858498339
577,1,2,female,34,0,0,,13,0,S,Miss,-2.70103024652
578,1,1,female,39,1,0,,55.9,E,S,Mrs,-4.99955952756
579,0,3,female,,1,0,,14.4583,0,C,Mrs,1.6645731205
580,1,3,male,32,0,0,STON/O .,7.925,0,S,Mr,-0.212851659054
581,1,2,female,25,1,1,,30,0,S,Miss,-3.75174000004
582,1,1,female,39,1,1,,110.8833,C,C,Mrs,-5.32426439237
583,0,2,male,54,0,0,,26,0,S,Mr,3.01721576753
584,0,1,male,36,0,0,,40.125,A,C,Mr,2.29334270072
585,0,3,male,,0,0,,8.7125,0,C,Mr,3.28893481259
586,1,1,female,18,0,2,,79.65,E,S,Miss,-6.94561947973
587,0,2,male,47,0,0,,15,0,S,Mr,4.31690782647
588,1,1,male,60,1,1,,79.2,B,C,Mr,-2.79839926009
589,0,3,male,22,0,0,,8.05,0,S,Mr,3.32195878975
590,0,3,male,,0,0,A./.,8.05,0,S,Mr,3.07200296389
591,0,3,male,35,0,0,STON/O .,7.125,0,S,Mr,1.17414596189
592,1,1,female,52,1,0,,78.2667,D,C,Mrs,-4.94657488017
593,0,3,male,47,0,0,A/,7.25,0,S,Mr,3.89812626892
594,0,3,female,,0,2,,7.75,0,Q,Miss,2.81813844196
595,0,2,male,37,1,0,SC/AH,26,0,S,Mr,2.27608492006
596,0,3,male,36,1,1,,24.15,0,S,Mr,2.3454012451
597,1,2,female,,0,0,,33,0,S,Miss,-1.34841362257
598,0,3,male,49,0,0,LINE,0,0,S,Mr,1.0708525454
599,0,3,male,,0,0,,7.225,0,C,Mr,2.68486645332
600,1,1,male,49,1,0,PC,56.9292,A,C,Mr,-2.18465375711
601,1,2,female,24,2,1,,27,0,S,Mrs,-1.04298685136
602,0,3,male,,0,0,,7.8958,0,S,Mr,3.58576404563
603,0,1,male,,0,0,,42.4,0,S,Mr,-0.0439519050734
604,0,3,male,44,0,0,,8.05,0,S,Mr,1.4207371355
605,1,1,male,35,0,0,,26.55,0,C,Mr,-0.749772348532
606,0,3,male,36,1,0,,15.55,0,S,Mr,4.67706698351
607,0,3,male,30,0,0,,7.8958,0,S,Mr,5.99287037984
608,1,1,male,27,0,0,,30.5,0,S,Mr,-0.864747401746
609,1,2,female,22,1,2,SC/Paris,41.5792,0,C,Mrs,-4.50028713819
610,1,1,female,40,0,0,PC,153.4625,C,S,Miss,-4.75281258494
611,0,3,female,39,1,5,,31.275,0,S,Mrs,4.08592812694
612,0,3,male,,0,0,SOTON/O.Q.,7.05,0,S,Mr,2.93171015
613,1,3,female,,1,0,,15.5,0,Q,Miss,-0.73088579977
614,0,3,male,,0,0,,7.75,0,Q,Mr,2.83899092114
615,0,3,male,35,0,0,,8.05,0,S,Mr,2.48431597344
616,1,2,female,24,1,2,,65,0,S,Miss,-4.09581000556
617,0,3,male,34,1,1,,14.4,0,S,Mr,2.86853998883
618,0,3,female,26,1,0,A/.,16.1,0,S,Mrs,1.13488881792
619,1,2,female,4,2,1,,39,F,S,Miss,-4.35088762889
620,0,2,male,26,0,0,,10.5,0,S,Mr,1.00510439975
621,0,3,male,27,1,0,,14.4542,0,C,Mr,4.36721774182
622,1,1,male,42,1,0,,52.5542,D,S,Mr,-2.977717977
623,1,3,male,20,1,1,,15.7417,0,C,Mr,-1.87389197469
624,0,3,male,21,0,0,,7.8542,0,S,Mr,3.88955418046
625,0,3,male,21,0,0,,16.1,0,S,Mr,4.6023431428
626,0,1,male,61,0,0,,32.3208,D,S,Mr,2.7306334469
627,0,2,male,57,0,0,,12.35,0,Q,Mr,5.57078851015
628,1,1,female,21,0,0,,77.9583,D,S,Miss,-1.65520649889
629,0,3,male,26,0,0,,7.8958,0,S,Mr,2.21324204713
630,0,3,male,,0,0,,7.7333,0,Q,Mr,3.50163662727
631,1,1,male,80,0,0,,30,A,S,Mr,-0.100830426813
632,0,3,male,51,0,0,,7.0542,0,S,Mr,1.69633809781
633,1,1,male,32,0,0,,30.5,B,C,Mr,-3.1769304479
634,0,1,male,,0,0,,0,0,S,Mr,4.08144050318
635,0,3,female,9,3,2,,27.9,0,S,Miss,3.29366461905
636,1,2,female,28,0,0,,13,0,S,Miss,-2.08291092859
637,0,3,male,32,0,0,STON/O .,7.925,0,S,Mr,-0.212851659054
638,0,2,male,31,1,1,C.A.,26.25,0,S,Mr,2.94668394076
639,0,3,female,41,0,5,,39.6875,0,S,Mrs,4.69747923033
640,0,3,male,,1,0,,16.1,0,S,Mr,1.5885123805
641,0,3,male,20,0,0,,7.8542,0,S,Mr,2.38327075544
642,1,1,female,24,0,0,PC,69.3,B,C,Miss,-4.78082474106
643,0,3,female,2,3,2,,27.9,0,S,Miss,6.40646590746
644,1,3,male,,0,0,,56.4958,0,S,Mr,-0.245883281513
645,1,3,female,0.75,2,1,,19.2583,0,C,Miss,-6.06397759861
646,1,1,male,48,1,0,PC,76.7292,D,C,Mr,-2.68614061714
647,0,3,male,19,0,0,,7.8958,0,S,Mr,3.83408533526
648,1,1,male,56,0,0,,35.5,A,C,Mr,0.57766170018
649,0,3,male,,0,0,S.O./P.P.,7.55,0,S,Mr,1.31417033348
650,1,3,female,23,0,0,CA.,7.55,0,S,Miss,-2.32896512772
651,0,3,male,,0,0,,7.8958,0,S,Mr,3.58576404563
652,1,2,female,18,0,1,,23,0,S,Miss,-4.52198415822
653,0,3,male,21,0,0,,8.4333,0,S,Mr,4.01078777441
654,1,3,female,,0,0,,7.8292,0,Q,Miss,-1.3188094414
655,0,3,female,18,0,0,,6.75,0,Q,Miss,0.669331980421
656,0,2,male,24,2,0,S.O.C.,73.5,0,S,Mr,4.29799345529
657,0,3,male,,0,0,,7.8958,0,S,Mr,3.58576404563
658,0,3,female,32,1,1,,15.5,0,Q,Mrs,0.918538500043
659,0,2,male,23,0,0,,13,0,S,Mr,2.19250754677
660,0,1,male,58,0,2,,113.275,D,C,Mr,6.27156633513
661,1,1,male,50,2,0,PC,133.65,0,S,Mr,-0.436715530902
662,0,3,male,40,0,0,,7.225,0,C,Mr,1.50605698961
663,0,1,male,47,0,0,,25.5875,E,S,Mr,1.68944204627
664,0,3,male,36,0,0,,7.4958,0,S,Mr,2.75990795984
665,1,3,male,20,1,0,STON/O .,7.925,0,S,Mr,0.715238098631
666,0,2,male,32,2,0,S.O.C.,73.5,0,S,Mr,4.69861839122
667,0,2,male,25,0,0,,13,0,S,Mr,3.3994253841
668,0,3,male,,0,0,,7.775,0,S,Mr,3.15715986352
669,0,3,male,43,0,0,A/,8.05,0,S,Mr,1.9388880741
670,1,1,female,,1,0,,52,C,S,Mrs,-6.64989752533
671,1,2,female,40,1,1,,39,0,S,Mrs,-2.82155865361
672,0,1,male,31,1,0,F.C.,52,B,S,Mr,4.21899608125
673,0,2,male,70,0,0,C.A.,10.5,0,S,Mr,0.785168889055
674,1,2,male,31,0,0,,13,0,S,Mr,2.40887085566
675,0,2,male,,0,0,,0,0,S,Mr,4.93001919653
676,0,3,male,18,0,0,,7.775,0,S,Mr,2.9360356032
677,0,3,male,24.5,0,0,,8.05,0,S,Mr,4.05739238471
678,1,3,female,18,0,0,,9.8417,0,S,Miss,-1.67629986384
679,0,3,female,43,1,6,CA,46.9,0,S,Mrs,4.94016769858
680,1,1,male,36,0,1,PC,512.3292,B,C,Mr,-462.278145877
681,0,3,female,,0,0,,8.1375,0,Q,Miss,-0.813355442051
682,1,1,male,27,0,0,PC,76.7292,D,C,Mr,-1.13144329395
683,0,3,male,20,0,0,,9.225,0,S,Mr,3.22488783689
684,0,3,male,14,5,2,CA,46.9,0,S,Mr,10.3963372855
685,0,2,male,60,1,1,,39,0,S,Mr,2.30767838017
686,0,2,male,25,1,2,SC/Paris,41.5792,0,C,Mr,4.75745063994
687,0,3,male,14,4,1,,39.6875,0,S,Mr,6.42771290964
688,0,3,male,19,0,0,,10.1708,0,S,Mr,2.96980604288
689,0,3,male,18,0,0,,7.7958,0,S,Mr,1.32169225505
690,1,1,female,15,0,1,,211.3375,B,S,Miss,-5.28523948524
691,1,1,male,31,1,0,,57,B,S,Mr,-2.22994422706
692,1,3,female,4,0,1,,13.4167,0,C,Miss,-1.71449324968
693,1,3,male,,0,0,,56.4958,0,S,Mr,-0.245883281513
694,0,3,male,25,0,0,,7.225,0,C,Mr,3.07401653713
695,0,1,male,60,0,0,,26.55,0,S,Mr,2.09096421041
696,0,2,male,52,0,0,,13.5,0,S,Mr,1.85496200031
697,0,3,male,44,0,0,,8.05,0,S,Mr,1.4207371355
698,1,3,female,,0,0,,7.7333,0,Q,Miss,-0.253014286769
699,0,1,male,49,1,1,,110.8833,C,C,Mr,2.92361745284
700,0,3,male,42,0,0,,7.65,F,S,Mr,5.01030230039
701,1,1,female,18,1,0,PC,227.525,C,C,Mrs,-6.70572812159
702,1,1,male,35,0,0,PC,26.2875,E,S,Mr,-1.89086037393
703,0,3,female,18,0,1,,14.4542,0,C,Miss,-0.534988794184
704,0,3,male,25,0,0,,7.7417,0,Q,Mr,3.75991381754
705,0,3,male,26,1,0,,7.8542,0,S,Mr,2.78984048639
706,0,2,male,39,0,0,,26,0,S,Mr,2.00577381768
707,1,2,female,45,0,0,,13.5,0,S,Mrs,-2.30610249538
708,1,1,male,42,0,0,PC,26.2875,E,S,Mr,-1.05803299615
709,1,1,female,22,0,0,,151.55,0,S,Miss,-3.37585463958
710,1,3,male,,1,1,,15.2458,0,C,Master,-0.507262960523
711,1,1,female,24,0,0,PC,49.5042,C,C,Miss,-4.48042176705
712,0,1,male,,0,0,,26.55,C,S,Mr,2.36228802309
713,1,1,male,48,1,0,,52,C,S,Mr,0.602166305176
714,0,3,male,29,0,0,,9.4833,0,S,Mr,2.01988456739
715,0,2,male,52,0,0,,13,0,S,Mr,3.2844629447
716,0,3,male,19,0,0,,7.65,F,S,Mr,3.71839495909
717,1,1,female,38,0,0,PC,227.525,C,C,Miss,-6.03878201139
718,1,2,female,27,0,0,,10.5,E,S,Miss,-6.49093570114
719,0,3,male,,0,0,,15.5,0,Q,Mr,3.28848700639
720,0,3,male,33,0,0,,7.775,0,S,Mr,1.5372727431
721,1,2,female,6,0,1,,33,0,S,Miss,-3.09756495846
722,0,3,male,17,1,0,,7.0542,0,S,Mr,4.71874773691
723,0,2,male,34,0,0,,13,0,S,Mr,2.36808830094
724,0,2,male,50,0,0,,13,0,S,Mr,3.75761048755
725,1,1,male,27,1,0,,53.1,E,S,Mr,-6.48498996065
726,0,3,male,20,0,0,,8.6625,0,S,Mr,3.56234723246
727,1,2,female,30,3,0,,21,0,S,Mrs,-2.15971630938
728,1,3,female,,0,0,,7.7375,0,Q,Miss,0.252676852751
729,0,2,male,25,1,0,,26,0,S,Mr,4.37753886084
730,0,3,female,25,1,0,STON/O.,7.925,0,S,Miss,0.81525518188
731,1,1,female,29,0,0,,211.3375,B,S,Miss,-4.10995861918
732,0,3,male,11,0,0,,18.7875,0,C,Mr,0.487515146289
733,0,2,male,,0,0,,0,0,S,Mr,4.93001919653
734,0,2,male,23,0,0,,13,0,S,Mr,2.19250754677
735,0,2,male,23,0,0,,13,0,S,Mr,2.19250754677
736,0,3,male,28.5,0,0,,16.1,0,S,Mr,5.74165687127
737,0,3,female,48,1,3,W./C.,34.375,0,S,Mrs,3.22794709209
738,1,1,male,35,0,0,PC,512.3292,B,C,Mr,-462.671268043
739,0,3,male,,0,0,,7.8958,0,S,Mr,3.58576404563
740,0,3,male,,0,0,,7.8958,0,S,Mr,3.58576404563
741,1,1,male,,0,0,,30,D,S,Mr,-1.528640207
742,0,1,male,36,1,0,,78.85,C,S,Mr,1.73844768862
743,1,1,female,21,2,2,PC,262.375,B,C,Miss,-10.7849115965
744,0,3,male,24,1,0,,16.1,0,S,Mr,2.03222711565
745,1,3,male,31,0,0,STON/O .,7.925,0,S,Mr,0.335306725882
746,0,1,male,70,1,1,WE/P,71,B,S,Mr,3.38718982696
747,0,3,male,16,1,1,C.A.,20.25,0,S,Mr,3.7522687996
748,1,2,female,30,0,0,,13,0,S,Miss,-1.06372197302
749,0,1,male,19,1,0,,53.1,D,S,Mr,2.30347533034
750,0,3,male,31,0,0,,7.75,0,Q,Mr,3.26490455588
751,1,2,female,4,1,1,,23,0,S,Miss,-4.92562089306
752,1,3,male,6,0,1,,12.475,E,S,Master,-4.41353717796
753,0,3,male,33,0,0,,9.5,0,S,Mr,2.17740518599
754,0,3,male,23,0,0,,7.8958,0,S,Mr,2.4149049815
755,1,2,female,48,1,2,,65,0,S,Mrs,-2.8721589119
756,1,2,male,0.67,1,1,,14.5,0,S,Master,-2.09443286403
757,0,3,male,28,0,0,,7.7958,0,S,Mr,2.35108225337
758,0,2,male,18,0,0,,11.5,0,S,Mr,3.57261942413
759,0,3,male,34,0,0,,8.05,0,S,Mr,3.54340329151
760,1,1,female,33,0,0,,86.5,B,S,Mrs,-4.89225478019
761,0,3,male,,0,0,,14.5,0,S,Mr,4.99713223156
762,0,3,male,41,0,0,SOTON/O,7.125,0,S,Mr,1.76926061282
763,1,3,male,20,0,0,,7.2292,0,C,Mr,-1.12720295993
764,1,1,female,36,1,2,,120,B,S,Mrs,-9.82397910458
765,0,3,male,16,0,0,,7.775,0,S,Mr,2.85492340152
766,1,1,female,51,1,0,,77.9583,D,S,Mrs,-4.18057712035
767,0,1,male,,0,0,,39.6,0,C,Mr,2.31888957666
768,0,3,female,30.5,0,0,,7.75,0,Q,Miss,3.21802198936
769,0,3,male,,1,0,,24.15,0,Q,Mr,1.367523695
770,0,3,male,32,0,0,,8.3625,0,S,Mr,1.16470983648
771,0,3,male,24,0,0,,9.5,0,S,Mr,1.81832743054
772,0,3,male,48,0,0,,7.8542,0,S,Mr,2.73520340606
773,0,2,female,57,0,0,S.O./P.P.,10.5,E,S,Mrs,-0.951151192992
774,0,3,male,,0,0,,7.225,0,C,Mr,2.68486645332
775,1,2,female,54,1,3,,23,0,S,Mrs,-6.53693422359
776,0,3,male,18,0,0,,7.75,0,S,Mr,3.2608678008
777,0,3,male,,0,0,,7.75,F,Q,Mr,4.86566643715
778,1,3,female,5,0,0,,12.475,0,S,Miss,-0.313539021863
779,0,3,male,,0,0,,7.7375,0,Q,Mr,3.15744165033
780,1,1,female,43,0,1,,211.3375,B,S,Mrs,-5.09202734961
781,1,3,female,13,0,0,,7.2292,0,C,Miss,-2.06139459989
782,1,1,female,17,1,0,,57,B,S,Mrs,-5.04895510408
783,0,1,male,29,0,0,,30,D,S,Mr,1.73085668316
784,0,3,male,,1,2,W./C.,23.45,0,S,Mr,4.30977457303
785,0,3,male,25,0,0,SOTON/O.Q.,7.05,0,S,Mr,3.42627382046
786,0,3,male,25,0,0,,7.25,0,S,Mr,4.2830523282
787,1,3,female,18,0,0,,7.4958,0,S,Miss,-0.272780688002
788,0,3,male,8,4,1,,29.125,0,Q,Master,7.92240682749
789,1,3,male,1,1,2,C.A.,20.575,0,S,Master,-3.05827358831
790,0,1,male,46,0,0,PC,79.2,B,C,Mr,2.97017401129
791,0,3,male,,0,0,,7.75,0,Q,Mr,2.83899092114
792,0,2,male,16,0,0,,26,0,S,Mr,4.56403129078
793,0,3,female,,8,2,CA.,69.55,0,S,Miss,17.2701339457
794,0,1,male,,0,0,PC,30.6958,0,C,Mr,2.58229888349
795,0,3,male,25,0,0,,7.8958,0,S,Mr,2.67336038282
796,0,2,male,39,0,0,,13,0,S,Mr,4.75534466361
797,1,1,female,49,0,0,,25.9292,D,S,Mrs,-2.5345839174
798,1,3,female,31,0,0,,8.6833,0,S,Mrs,0.814224723315
799,0,3,male,30,0,0,,7.2292,0,C,Mr,1.83970258207
800,0,3,female,30,1,1,,24.15,0,S,Mrs,0.487213117502
801,0,2,male,34,0,0,,13,0,S,Mr,2.36808830094
802,1,2,female,31,1,1,C.A.,26.25,0,S,Mrs,-1.99826901614
803,1,1,male,11,1,2,,120,B,S,Master,-5.11923140714
804,1,3,male,0.42,0,1,,8.5167,0,C,Master,-1.64586852891
805,1,3,male,27,0,0,,6.975,0,S,Mr,-1.58795573266
806,0,3,male,31,0,0,,7.775,0,S,Mr,1.41463080646
807,0,1,male,39,0,0,,0,A,S,Mr,8.86228951291
808,0,3,female,18,0,0,,7.775,0,S,Miss,0.775852513635
809,0,2,male,39,0,0,,13,0,S,Mr,4.75534466361
810,1,1,female,33,1,0,,53.1,E,S,Mrs,-8.39565148297
811,0,3,male,26,0,0,,7.8875,0,S,Mr,2.06130713059
812,0,3,male,39,0,0,A/,24.15,0,S,Mr,3.88930906884
813,0,2,male,35,0,0,,10.5,0,S,Mr,1.51044557538
814,0,3,female,6,4,2,,31.275,0,S,Miss,5.24821361742
815,0,3,male,30.5,0,0,,8.05,0,S,Mr,4.78159402167
816,0,1,male,,0,0,,0,B,S,Mr,4.65972152048
817,0,3,female,23,0,0,STON/O.,7.925,0,S,Miss,-1.54653142541
818,0,2,male,31,1,1,S.C./PARIS,37.0042,0,C,Mr,3.09834824543
819,0,3,male,43,0,0,C,6.45,0,S,Mr,2.06973383776
820,0,3,male,10,3,2,,27.9,0,S,Master,5.41584697728
821,1,1,female,52,1,1,,93.5,B,S,Mrs,-6.18963489438
822,1,3,male,27,0,0,,8.6625,0,S,Mr,0.747435746535
823,0,1,male,38,0,0,,0,0,S,Mr,3.31406345104
824,1,3,female,27,0,1,,12.475,E,S,Mrs,-5.00535355325
825,0,3,male,2,4,1,,39.6875,0,S,Master,4.62142479269
826,0,3,male,,0,0,,6.95,0,Q,Mr,2.08605389647
827,0,3,male,,0,0,,56.4958,0,S,Mr,-0.245883281513
828,1,2,male,1,0,2,S.C./PARIS,37.0042,0,C,Master,-1.24429143118
829,1,3,male,,0,0,,7.75,0,Q,Mr,2.83899092114
830,1,1,female,62,0,0,,80,B,,Mrs,-3.07840080246
831,1,3,female,15,1,0,,14.4542,0,C,Mrs,-0.442989159569
832,1,2,male,0.83,1,1,,18.75,0,S,Master,-4.53138621586
833,0,3,male,,0,0,,7.2292,0,C,Mr,1.79792076346
834,0,3,male,23,0,0,,7.8542,0,S,Mr,2.13816798165
835,0,3,male,18,0,0,,8.3,0,S,Mr,2.79724515475
836,1,1,female,39,1,1,PC,83.1583,E,C,Miss,-3.2107041342
837,0,3,male,21,0,0,,8.6625,0,S,Mr,4.9699967155
838,0,3,male,,0,0,,8.05,0,S,Mr,3.07200296389
839,1,3,male,32,0,0,,56.4958,0,S,Mr,-3.47530022555
840,1,1,male,,0,0,,29.7,C,C,Mr,-2.96901232662
841,0,3,male,20,0,0,SOTON/O,7.925,0,S,Mr,0.961425736199
842,0,2,male,16,0,0,S.O./P.P.,10.5,0,S,Mr,1.88035066993
843,1,1,female,30,0,0,,31,0,C,Miss,-5.32090056176
844,0,3,male,34.5,0,0,,6.4375,0,C,Mr,2.61485198861
845,0,3,male,17,0,0,,8.6625,0,S,Mr,5.04582076992
846,0,3,male,42,0,0,C.A.,7.55,0,S,Mr,2.54526616006
847,0,3,male,,8,2,CA.,69.55,0,S,Mr,19.2214639846
848,0,3,male,35,0,0,,7.8958,0,C,Mr,1.5556555993
849,0,2,male,28,0,1,,33,0,S,Mr,2.3164047275
850,1,1,female,,1,0,,89.1042,C,C,Mrs,-5.28780127937
851,0,3,male,4,4,2,,31.275,0,S,Master,-0.110269977062
852,0,3,male,74,0,0,,7.775,0,S,Mr,4.89908520377
853,0,3,female,9,1,1,,15.2458,0,C,Miss,0.722065068311
854,1,1,female,16,0,1,PC,39.4,D,S,Miss,-4.04713398013
855,0,2,female,44,1,0,,26,0,S,Mrs,0.152040801211
856,1,3,female,18,0,1,,9.35,0,S,Mrs,-3.06139891705
857,1,1,female,45,1,1,,164.8667,0,S,Mrs,-5.99758637756
858,1,1,male,51,0,0,,26.55,E,S,Mr,1.74945138977
859,1,3,female,24,0,3,,19.2583,0,C,Mrs,-3.52691737221
860,0,3,male,,0,0,,7.2292,0,C,Mr,1.79792076346
861,0,3,male,41,2,0,,14.1083,0,S,Mr,2.65967749712
862,0,2,male,21,1,0,,11.5,0,S,Mr,3.70895229689
863,1,1,female,48,0,0,,25.9292,D,S,Mrs,-3.54074723108
864,0,3,female,,8,2,CA.,69.55,0,S,Miss,17.2701339457
865,0,2,male,24,0,0,,13,0,S,Mr,3.49702854936
866,1,2,female,42,0,0,,13,0,S,Mrs,-3.28058146726
867,1,2,female,27,1,0,SC/PARIS,13.8583,0,C,Miss,-3.26934567099
868,0,1,male,31,0,0,PC,50.4958,A,S,Mr,3.33589693246
869,0,3,male,,0,0,,9.5,0,S,Mr,2.5837352357
870,1,3,male,4,1,1,,11.1333,0,S,Master,-1.89743123968
871,0,3,male,26,0,0,,7.8958,0,S,Mr,2.21324204713
872,1,1,female,47,1,1,,52.5542,D,S,Mrs,-9.57730458091
873,0,1,male,33,0,0,,5,B,S,Mr,1.83290959602
874,0,3,male,47,0,0,,9,0,S,Mr,6.70378341066
875,1,2,female,28,1,0,P/PP,24,0,C,Mrs,-2.29129505845
876,1,3,female,15,0,0,,7.225,0,C,Miss,-2.8753344472
877,0,3,male,20,0,0,,9.8458,0,S,Mr,3.24257057133
878,0,3,male,19,0,0,,7.8958,0,S,Mr,3.83408533526
879,0,3,male,,0,0,,7.8958,0,S,Mr,3.58576404563
880,1,1,female,56,0,1,,83.1583,C,C,Mrs,-4.50939630589
881,1,2,female,25,0,1,,26,0,S,Mrs,-2.11042144723
882,0,3,male,33,0,0,,7.8958,0,S,Mr,3.35834347644
883,0,3,female,22,0,0,,10.5167,0,S,Miss,-0.875121343042
884,0,2,male,28,0,0,C.A./SOTON,10.5,0,S,Mr,1.5817187547
885,0,3,male,25,0,0,SOTON/OQ,7.05,0,S,Mr,3.42627382046
886,0,3,female,39,0,5,,29.125,0,Q,Mrs,3.72121048786
887,0,2,male,27,0,0,,13,0,S,Mr,2.44534213387
888,1,1,female,19,0,0,,30,B,S,Miss,-4.24064939176
889,0,3,female,,1,2,W./C.,23.45,0,S,Miss,4.42526826474
890,1,1,male,26,0,0,,30,C,C,Mr,-1.72091246031
891,0,3,male,32,0,0,,7.75,0,Q,Mr,2.16540897298
